streak_started_at,streak_ended_at,nb_days
2024-06-16T19:41:16,2024-06-16T19:41:16,1
2024-07-09T20:30:50,2024-07-09T20:30:50,1
2024-03-05T22:52:08,2024-03-05T22:52:08,1
2024-08-14T18:35:51,2024-08-14T18:35:51,1
2024-07-20T19:21:01,2024-07-20T19:21:01,1
2024-01-24T01:30:35,2024-01-24T01:30:35,1
2024-11-13T12:01:49,2024-11-13T12:01:49,1
2024-10-06T01:52:06,2024-10-06T01:52:06,1
2024-07-15T14:44:26,2024-07-17T19:13:09,4
2024-06-30T15:32:49,2024-07-01T16:14:43,2
2024-03-24T17:38:28,2024-03-26T04:13:19,3
2024-08-23T15:06:56,2024-08-23T15:06:56,1
2024-06-07T23:03:44,2024-06-13T21:10:16,7
2024-07-27T17:06:36,2024-07-28T10:42:48,2
2024-05-03T04:35:08,2024-05-03T04:35:08,1
2024-04-06T14:41:12,2024-04-10T02:31:43,5
2024-11-14T20:14:15,2024-11-21T22:09:11,6
2023-12-31T22:53:58,2024-01-01T23:42:55,2
2024-04-23T03:58:26,2024-04-24T07:53:32,2
2024-06-20T15:39:46,2024-06-23T15:48:26,4
2024-10-19T02:03:04,2024-10-19T02:03:04,1
2024-03-31T04:30:02,2024-03-31T04:30:02,1
2024-10-11T20:43:15,2024-10-11T20:43:15,1
2024-07-07T02:10:56,2024-07-07T02:10:56,1
2024-10-23T01:22:16,2024-11-08T12:38:15,14
2024-08-27T12:41:45,2024-08-27T12:41:45,1
2024-06-27T17:36:26,2024-06-28T12:51:06,2
2024-04-12T13:20:51,2024-04-12T13:20:51,1
2024-01-18T01:36:27,2024-01-21T20:42:46,5
2024-09-10T02:10:34,2024-09-10T02:10:34,1
2024-01-15T19:56:12,2024-01-15T19:56:12,1
2024-08-11T18:52:14,2024-08-11T19:03:39,2
