earned_at,xp_amount
2024-10-24T03:30:49.000Z,50
2024-11-20T13:31:10.000Z,50
2024-11-15T13:50:18.000Z,50
2024-06-30T15:38:43.000Z,50
2024-06-12T21:58:57.000Z,100
2024-06-22T15:50:49.000Z,25
2024-05-03T04:40:31.000Z,50
2024-07-07T15:27:02.000Z,100
2024-10-06T02:56:46.000Z,50
2024-07-01T17:43:24.000Z,100
2024-07-07T15:24:07.000Z,25
2024-06-30T17:41:46.000Z,100
2024-11-02T15:53:23.000Z,50
2024-08-11T18:59:46.000Z,100
2024-06-08T17:37:43.000Z,30
2024-04-07T19:59:24.000Z,100
2024-07-15T15:15:42.000Z,50
2024-03-25T13:15:16.000Z,25
2024-09-10T16:07:53.000Z,100
2024-07-15T14:35:56.000Z,50
2024-07-07T17:33:48.000Z,50
2024-01-15T20:07:34.000Z,100
2024-10-31T01:16:29.000Z,50
2024-08-11T18:56:11.000Z,50
2024-06-17T15:12:46.000Z,30
2024-06-30T16:29:28.000Z,100
2024-10-28T16:36:54.000Z,100
2024-01-01T23:02:20.000Z,50
2024-06-23T16:29:57.000Z,50
2024-01-19T03:38:19.000Z,100
2024-11-04T17:45:36.000Z,25
2024-07-16T17:41:56.000Z,100
2024-01-01T16:44:05.000Z,100
2024-10-12T13:18:31.000Z,35
2024-07-21T15:46:49.000Z,100
2024-11-04T17:38:39.000Z,25
2024-06-16T20:36:54.000Z,35
2024-11-15T13:42:08.000Z,50
2024-06-17T15:20:00.000Z,50
2024-07-17T19:14:13.000Z,50
2024-06-28T13:43:28.000Z,100
2024-01-19T03:48:38.000Z,100
2024-06-30T15:32:50.000Z,100
2024-06-21T15:30:00.000Z,25
2024-10-14T17:41:33.000Z,35
2024-11-05T01:47:28.000Z,100
2024-01-24T01:42:42.000Z,50
2024-03-26T11:14:03.000Z,1
2024-11-17T15:36:06.000Z,50
2024-06-28T14:05:11.000Z,50
2024-07-07T15:31:15.000Z,50
2024-06-23T17:11:03.000Z,25
2024-04-07T20:04:49.000Z,50
2024-06-27T19:30:06.000Z,50
2024-10-19T01:03:41.000Z,35
2024-06-09T19:10:39.000Z,30
2024-11-14T20:12:08.000Z,100
2024-10-23T01:22:16.000Z,100
2024-06-23T16:30:36.000Z,25
2024-11-08T12:44:58.000Z,100
2024-06-23T15:04:26.000Z,18
2024-11-02T16:11:00.000Z,50
2024-10-12T05:37:44.000Z,50
2024-03-26T03:26:21.000Z,25
2024-03-06T00:06:12.000Z,100
2024-11-16T14:39:05.000Z,50
2024-10-19T02:12:24.000Z,35
2024-06-20T15:19:21.000Z,35
2024-06-25T21:21:53.000Z,50
2024-08-23T15:03:32.000Z,100
2024-03-26T11:06:53.000Z,1
2024-07-16T17:12:05.000Z,50
2024-04-23T03:58:01.000Z,50
2024-06-23T17:26:32.000Z,50
2024-11-19T21:25:40.000Z,50
2024-03-24T17:57:29.000Z,35
2024-05-03T04:29:29.000Z,100
2024-09-10T02:52:15.000Z,25
2024-10-19T02:07:12.000Z,30
2024-11-08T19:36:46.000Z,50
2024-04-06T14:41:13.000Z,100
2024-11-08T12:47:50.000Z,50
2024-07-15T15:15:23.000Z,50
2024-04-23T21:22:06.000Z,70
2024-11-15T13:46:53.000Z,50
2024-11-08T19:36:11.000Z,15
2024-07-07T17:35:46.000Z,35
2024-07-16T17:37:08.000Z,50
2024-06-08T17:39:59.000Z,35
2024-03-26T05:26:45.000Z,25
2024-09-10T16:15:48.000Z,35
2024-11-20T13:43:38.000Z,100
2024-03-24T17:31:55.000Z,35
2024-11-15T13:52:41.000Z,50
2024-06-27T19:29:05.000Z,30
2024-04-12T13:23:49.000Z,50
2024-08-11T19:10:50.000Z,100
2024-11-08T13:03:29.000Z,50
2024-04-24T07:53:32.000Z,50
2024-04-23T04:11:48.000Z,70
2024-04-06T16:34:41.000Z,50
2024-06-30T16:24:27.000Z,100
2024-10-24T02:43:24.000Z,35
2024-08-27T12:39:35.000Z,35
2024-10-31T01:50:36.000Z,50
2024-04-23T04:07:55.000Z,50
2024-01-01T00:02:36.000Z,84
2024-01-19T23:58:43.000Z,50
2024-01-15T20:30:09.000Z,100
2024-04-07T20:00:53.000Z,100
2024-06-30T16:36:02.000Z,50
2024-01-01T17:05:54.000Z,100
2024-03-26T05:51:13.000Z,1
2024-06-28T13:37:17.000Z,50
2024-10-31T01:17:07.000Z,50
2024-06-22T15:57:53.000Z,50
2024-06-08T17:23:59.000Z,35
2024-07-18T15:27:49.000Z,100
2024-06-21T16:37:03.000Z,50
2024-06-09T19:01:14.000Z,35
2024-01-24T01:28:37.000Z,100
2024-08-14T18:35:51.000Z,70
2024-04-24T09:05:30.000Z,100
2024-07-15T15:01:05.000Z,35
2024-11-05T02:51:12.000Z,100
2024-10-19T18:20:27.000Z,25
2024-01-01T17:49:52.000Z,100
2024-11-13T12:58:51.000Z,50
2024-06-09T19:17:38.000Z,50
2024-05-03T04:36:01.000Z,100
2024-10-12T05:28:55.000Z,35
2024-11-08T13:09:52.000Z,50
2024-07-17T19:19:25.000Z,100
2024-03-31T04:37:19.000Z,100
2024-11-20T13:01:26.000Z,30
2024-07-07T15:29:00.000Z,50
2024-06-22T15:40:09.000Z,100
2024-04-23T04:27:20.000Z,100
2024-06-21T15:50:57.000Z,50
2024-07-21T17:42:25.000Z,50
2024-01-18T01:49:18.000Z,50
2024-01-21T18:27:52.000Z,100
2024-03-26T11:13:43.000Z,50
2024-05-03T04:35:09.000Z,50
2024-11-08T12:53:05.000Z,50
2024-10-19T02:42:51.000Z,100
2024-06-23T16:11:18.000Z,25
2024-11-04T17:44:33.000Z,25
2024-01-19T02:40:49.000Z,50
2024-11-21T22:25:46.000Z,50
2024-03-24T17:49:46.000Z,25
2024-07-18T16:49:11.000Z,50
2024-10-31T01:23:19.000Z,100
2024-06-30T16:18:49.000Z,50
2024-10-28T18:14:26.000Z,100
2024-06-22T15:44:13.000Z,25
2024-06-30T16:41:22.000Z,100
2024-07-18T17:05:25.000Z,100
2024-07-01T15:52:22.000Z,100
2024-07-18T17:14:39.000Z,50
2024-11-03T18:11:07.000Z,50
2024-06-11T18:47:25.000Z,100
2024-11-04T17:43:41.000Z,25
2024-06-27T16:29:17.000Z,50
2024-11-05T01:29:53.000Z,50
2024-10-24T02:49:00.000Z,30
2024-11-13T18:18:27.000Z,100
2024-06-08T17:51:33.000Z,35
2024-11-14T21:02:26.000Z,50
2024-10-11T20:44:10.000Z,100
2024-07-18T17:16:30.000Z,100
2024-08-11T19:07:23.000Z,50
2024-06-28T13:44:12.000Z,50
2024-06-08T18:37:52.000Z,100
2024-07-09T20:37:42.000Z,100
2024-06-11T23:21:09.000Z,100
2024-11-16T15:00:48.000Z,50
2024-06-17T17:13:35.000Z,25
2024-11-16T14:27:00.000Z,50
2024-06-17T15:14:28.000Z,50
2024-04-06T16:31:28.000Z,100
2024-07-16T17:47:54.000Z,100
2024-04-07T17:48:39.000Z,50
2024-07-17T18:41:11.000Z,50
2024-04-07T18:32:12.000Z,100
2024-10-24T02:30:18.000Z,50
2024-06-09T19:15:14.000Z,50
2024-06-20T15:49:20.000Z,100
2024-06-17T16:24:20.000Z,35
2024-10-23T02:31:31.000Z,100
2024-10-12T05:41:22.000Z,50
2024-06-11T19:39:57.000Z,50
2024-04-06T14:45:47.000Z,100
2024-08-27T14:13:52.000Z,35
2024-06-16T19:37:14.000Z,50
2024-09-10T15:59:52.000Z,50
2024-11-15T13:47:39.000Z,100
2024-11-15T14:04:54.000Z,50
2024-08-14T19:07:21.000Z,100
2024-07-09T21:18:43.000Z,100
2024-08-14T18:38:03.000Z,100
2024-11-19T13:36:39.000Z,50
2024-06-23T16:46:11.000Z,35
2024-10-24T03:30:44.000Z,100
2024-06-21T15:38:50.000Z,25
2024-10-06T01:52:06.000Z,50
2024-10-06T02:54:19.000Z,50
2024-11-19T13:43:08.000Z,30
2024-06-22T15:27:24.000Z,35
2024-10-26T16:59:12.000Z,100
2024-11-05T21:28:03.000Z,100
2024-06-08T17:14:28.000Z,25
2024-11-02T14:39:13.000Z,50
2024-11-05T21:42:33.000Z,100
2024-07-09T20:49:05.000Z,35
2024-10-23T03:26:13.000Z,35
2024-11-16T14:20:30.000Z,50
2024-06-11T19:48:29.000Z,100
2024-06-12T01:38:24.000Z,100
2024-04-10T03:13:47.000Z,100
2024-11-08T12:40:15.000Z,50
2024-11-05T03:02:51.000Z,50
2024-06-08T21:19:24.000Z,100
2024-11-08T12:44:17.000Z,50
2024-06-27T17:50:45.000Z,25
2024-08-27T13:24:47.000Z,50
2024-06-16T19:26:21.000Z,35
2024-03-26T10:56:40.000Z,50
2024-01-15T22:59:10.000Z,100
2024-10-19T02:52:30.000Z,25
2024-06-22T15:23:30.000Z,35
2024-06-28T13:03:13.000Z,25
2024-03-25T14:12:46.000Z,25
2024-08-14T18:28:49.000Z,50
2024-07-18T17:12:48.000Z,100
2024-06-21T16:37:57.000Z,100
2024-11-05T02:42:16.000Z,100
2024-06-08T17:18:43.000Z,100
2024-04-24T08:15:35.000Z,100
2024-10-19T01:05:55.000Z,30
2024-11-04T17:49:06.000Z,100
2024-11-14T21:03:53.000Z,100
2024-06-09T18:03:44.000Z,50
2024-01-21T20:42:47.000Z,50
2024-11-20T13:05:36.000Z,35
2024-08-23T15:51:14.000Z,70
2024-04-06T16:18:44.000Z,50
2024-01-01T15:30:30.000Z,50
2024-10-28T16:29:25.000Z,100
2024-11-04T18:30:43.000Z,100
2024-10-12T05:42:17.000Z,50
2024-06-12T02:18:39.000Z,100
2024-04-07T19:57:36.000Z,50
2024-03-26T05:21:50.000Z,25
2024-11-05T01:13:10.000Z,100
2024-03-25T12:50:00.000Z,50
2024-11-02T15:49:36.000Z,100
2024-10-12T13:27:08.000Z,35
2024-04-12T13:19:46.000Z,100
2024-01-01T18:17:39.000Z,100
2024-06-28T13:31:43.000Z,50
2024-11-20T16:44:58.000Z,100
2024-06-23T16:31:46.000Z,25
2024-10-11T20:41:03.000Z,50
2024-06-12T01:35:06.000Z,100
2024-03-24T17:38:28.000Z,25
2024-07-01T17:50:07.000Z,100
2024-11-13T17:56:35.000Z,50
2024-01-15T21:33:02.000Z,100
2024-06-16T20:13:06.000Z,35
2024-11-13T16:42:57.000Z,50
2024-07-09T20:47:30.000Z,35
2024-06-21T03:24:05.000Z,100
2024-06-08T01:16:17.000Z,100
2024-11-04T18:42:02.000Z,11
2024-04-07T20:15:37.000Z,100
2024-10-06T02:19:07.000Z,50
2024-06-20T15:42:58.000Z,30
2024-06-10T18:23:19.000Z,90
2024-11-21T22:18:46.000Z,100
2024-11-19T21:25:18.000Z,100
2024-04-07T20:12:57.000Z,100
2024-07-01T17:13:07.000Z,50
2024-11-03T17:51:40.000Z,50
2024-11-02T15:46:07.000Z,50
2024-06-11T19:14:07.000Z,100
2024-08-11T18:52:14.000Z,50
2024-09-10T15:42:07.000Z,50
2024-01-01T23:45:51.000Z,50
2024-07-15T15:11:32.000Z,25
2024-07-09T21:08:40.000Z,35
2024-10-23T01:19:58.000Z,30
2024-03-05T22:48:40.000Z,70
2024-06-28T13:44:46.000Z,50
2024-01-24T01:36:14.000Z,100
2024-06-20T15:25:13.000Z,30
2024-10-31T01:18:41.000Z,100
2024-11-20T13:05:07.000Z,35
2024-06-14T16:41:46.000Z,50
2024-11-05T01:31:34.000Z,25
2024-09-10T15:40:31.000Z,100
2024-11-20T12:56:54.000Z,35
2024-10-19T18:41:48.000Z,25
2024-11-20T13:25:46.000Z,35
2024-07-21T17:47:09.000Z,100
2024-07-15T15:01:23.000Z,35
2024-06-21T15:31:45.000Z,25
2024-08-23T15:06:57.000Z,100
2024-10-19T02:27:57.000Z,50
2024-10-29T04:11:16.000Z,250
2024-07-28T10:41:42.000Z,50
2024-04-07T19:51:21.000Z,100
2024-07-18T16:48:16.000Z,100
2024-06-12T02:32:14.000Z,30
2024-10-26T16:57:19.000Z,100
2024-04-23T04:45:42.000Z,100
2024-06-21T03:06:11.000Z,50
2024-10-25T16:11:09.000Z,50
2024-06-11T18:36:55.000Z,100
2024-03-26T11:10:14.000Z,50
2024-07-15T15:05:15.000Z,50
2024-10-12T13:16:44.000Z,50
2024-01-15T21:42:01.000Z,100
2024-10-23T01:27:10.000Z,50
2024-06-12T21:52:36.000Z,50
2024-06-20T22:25:02.000Z,35
2024-10-28T17:07:34.000Z,50
2024-06-12T02:29:52.000Z,11
2024-07-01T16:46:49.000Z,100
2024-06-23T17:09:40.000Z,25
2024-11-21T22:07:13.000Z,50
2024-11-04T17:34:26.000Z,30
2024-10-12T13:25:36.000Z,50
2024-04-23T21:18:55.000Z,100
2024-06-09T18:58:15.000Z,50
2024-07-01T15:50:08.000Z,50
2024-08-11T19:11:52.000Z,50
2024-06-23T15:13:51.000Z,25
2024-07-07T02:15:34.000Z,50
2024-07-15T15:10:42.000Z,25
2024-07-21T17:25:52.000Z,50
2024-06-28T13:24:21.000Z,30
2024-03-26T02:49:53.000Z,1
2024-11-21T22:09:11.000Z,50
2024-08-11T18:48:37.000Z,50
2024-10-28T18:35:58.000Z,50
2024-06-12T22:10:51.000Z,50
2024-03-26T04:40:00.000Z,35
2024-10-31T01:26:33.000Z,35
2024-03-26T04:05:36.000Z,50
2024-11-04T17:30:32.000Z,50
2024-06-22T15:06:08.000Z,30
2024-01-18T01:35:31.000Z,100
2024-04-24T08:22:11.000Z,35
2024-08-23T16:46:28.000Z,100
2024-10-24T02:48:23.000Z,35
2024-10-24T03:30:11.000Z,100
2024-11-15T14:03:51.000Z,50
2024-06-16T19:47:05.000Z,35
2024-08-27T13:59:26.000Z,35
2024-10-12T05:40:15.000Z,100
2024-10-24T03:34:50.000Z,100
2024-03-05T23:54:13.000Z,100
2024-03-05T23:49:53.000Z,100
2024-11-17T15:34:19.000Z,50
2024-05-03T04:38:54.000Z,50
2024-10-19T02:31:33.000Z,25
2024-03-26T11:07:29.000Z,1
2024-01-01T23:01:43.000Z,50
2024-06-23T16:25:29.000Z,25
2024-10-28T16:16:33.000Z,100
2024-01-15T20:13:28.000Z,100
2024-01-01T23:49:18.000Z,50
2024-01-15T22:01:14.000Z,100
2024-10-23T23:28:51.000Z,25
2024-11-15T13:46:32.000Z,100
2024-11-03T17:50:08.000Z,100
2024-07-16T17:36:51.000Z,50
2024-07-21T18:00:59.000Z,50
2024-10-12T13:19:58.000Z,100
2024-10-25T15:56:50.000Z,100
2024-10-24T03:12:14.000Z,50
2024-07-15T15:13:09.000Z,100
2024-11-06T15:55:57.000Z,100
2024-06-30T15:27:09.000Z,50
2024-11-16T14:19:59.000Z,50
2024-03-26T04:51:18.000Z,50
2024-11-19T13:42:28.000Z,35
2024-10-12T05:42:36.000Z,50
2024-06-17T15:40:45.000Z,25
2024-06-12T01:55:15.000Z,100
2024-10-19T18:15:57.000Z,100
2024-11-17T16:01:30.000Z,50
2024-08-23T15:37:28.000Z,100
2024-07-01T17:39:03.000Z,100
2024-11-05T01:08:25.000Z,30
2024-04-06T14:40:02.000Z,100
2024-11-02T15:59:02.000Z,35
2024-07-25T17:04:35.000Z,100
2024-03-26T02:45:54.000Z,1
2024-10-12T05:30:42.000Z,50
2024-07-16T17:36:31.000Z,50
2024-06-17T15:39:22.000Z,25
2024-11-18T18:31:48.000Z,100
2024-07-18T16:30:43.000Z,100
2024-10-19T18:22:45.000Z,25
2024-06-27T19:26:46.000Z,35
2024-11-20T13:36:40.000Z,100
2024-11-02T14:44:54.000Z,50
2024-07-01T16:18:42.000Z,50
2024-11-18T23:53:15.000Z,50
2024-06-23T15:19:44.000Z,50
2024-10-11T20:43:45.000Z,50
2024-06-23T16:54:08.000Z,100
2024-10-19T18:15:35.000Z,25
2024-04-10T02:31:44.000Z,100
2024-11-20T12:39:00.000Z,35
2024-11-02T16:17:35.000Z,50
2024-03-06T03:18:01.000Z,50
2024-10-29T04:04:41.000Z,250
2024-01-01T17:22:48.000Z,100
2024-10-06T01:46:12.000Z,35
2024-03-24T18:00:09.000Z,30
2024-06-09T14:16:16.000Z,50
2024-10-12T13:38:43.000Z,50
2024-11-19T21:34:25.000Z,50
2024-07-09T20:26:47.000Z,50
2024-10-24T03:11:53.000Z,100
2024-11-15T13:51:15.000Z,50
2024-06-23T17:01:26.000Z,50
2024-06-23T16:09:23.000Z,25
2024-11-15T13:39:04.000Z,50
2024-01-19T03:34:02.000Z,100
2024-10-19T18:38:36.000Z,25
2024-11-19T13:41:18.000Z,100
2024-06-12T22:03:39.000Z,25
2024-10-24T03:16:26.000Z,50
2024-10-23T02:37:29.000Z,50
2024-10-19T18:26:57.000Z,25
2024-06-17T16:22:01.000Z,50
2024-10-11T20:52:58.000Z,50
2024-06-20T21:55:56.000Z,50
2024-10-12T05:27:49.000Z,100
2024-06-28T12:51:06.000Z,50
2024-01-21T20:39:00.000Z,100
2024-08-23T15:01:40.000Z,50
2024-03-05T22:52:08.000Z,100
2024-06-28T13:42:34.000Z,50
2024-07-21T15:48:28.000Z,100
2024-03-26T10:47:17.000Z,1
2024-03-06T02:49:16.000Z,100
2024-04-07T20:09:35.000Z,100
2024-11-21T22:20:39.000Z,100
2024-11-19T13:41:38.000Z,35
2024-11-04T18:26:03.000Z,30
2024-06-09T19:05:05.000Z,35
2024-08-23T16:35:59.000Z,100
2024-06-23T16:46:41.000Z,30
2024-10-23T01:09:44.000Z,35
2024-06-23T17:09:00.000Z,25
2024-11-20T12:41:54.000Z,30
2024-10-31T01:21:23.000Z,100
2024-08-23T15:54:03.000Z,50
2024-08-11T18:52:23.000Z,50
2024-10-06T01:41:38.000Z,100
2024-10-31T01:12:37.000Z,100
2024-10-31T01:20:20.000Z,50
2024-11-15T13:55:41.000Z,50
2024-10-19T02:21:19.000Z,50
2024-10-19T02:21:33.000Z,50
2024-06-21T16:22:53.000Z,100
2024-11-19T21:34:52.000Z,100
2024-11-20T16:51:45.000Z,100
2024-10-25T15:52:40.000Z,100
2024-10-24T03:32:09.000Z,100
2024-11-16T16:37:21.000Z,50
2024-10-24T02:45:14.000Z,50
2024-04-23T04:07:49.000Z,100
2024-10-19T02:27:40.000Z,50
2024-08-27T13:40:55.000Z,100
2024-07-28T10:48:15.000Z,50
2024-06-21T03:29:54.000Z,100
2024-11-14T21:00:39.000Z,25
2024-06-12T21:49:34.000Z,100
2024-10-19T01:48:51.000Z,25
2024-01-15T19:57:58.000Z,100
2024-08-23T15:43:41.000Z,100
2024-01-01T15:22:45.000Z,50
2024-06-28T12:48:09.000Z,50
2024-10-12T05:29:20.000Z,35
2024-06-08T17:48:36.000Z,30
2024-10-12T05:37:54.000Z,50
2024-11-16T15:04:02.000Z,50
2024-07-18T16:42:14.000Z,50
2024-07-09T21:06:31.000Z,50
2024-10-31T02:11:14.000Z,50
2024-06-17T15:36:00.000Z,50
2024-01-18T01:36:28.000Z,50
2024-04-10T02:55:40.000Z,100
2024-03-26T11:06:39.000Z,1
2024-10-24T02:35:08.000Z,50
2024-06-17T16:28:36.000Z,35
2024-11-13T11:57:58.000Z,50
2024-11-16T14:22:08.000Z,50
2024-10-29T04:01:56.000Z,250
2024-11-19T13:19:43.000Z,50
2024-07-17T19:25:01.000Z,100
2024-11-21T22:25:39.000Z,50
2024-11-16T15:15:49.000Z,50
2024-10-06T02:56:57.000Z,50
2024-11-16T14:51:22.000Z,50
2024-10-23T01:46:58.000Z,50
2024-06-30T16:44:34.000Z,100
2024-07-07T02:10:56.000Z,50
2024-06-23T15:06:43.000Z,25
2024-11-08T12:38:09.000Z,50
2024-10-30T19:45:40.000Z,50
2024-07-06T16:39:33.000Z,100
2024-06-22T17:09:49.000Z,35
2024-01-01T23:08:18.000Z,50
2024-10-23T02:23:33.000Z,50
2024-10-23T03:17:45.000Z,35
2024-07-07T15:20:14.000Z,50
2024-11-20T13:12:47.000Z,50
2024-06-16T19:27:19.000Z,30
2024-11-19T13:22:00.000Z,100
2024-03-26T05:07:25.000Z,35
2024-11-15T13:42:58.000Z,50
2024-06-09T18:14:29.000Z,100
2024-04-24T09:08:51.000Z,50
2024-10-24T02:36:23.000Z,100
2024-07-16T05:28:36.000Z,100
2024-11-02T15:52:37.000Z,100
2024-09-10T16:26:23.000Z,35
2024-06-12T21:56:48.000Z,100
2024-06-28T13:07:30.000Z,25
2024-06-08T01:40:51.000Z,100
2024-05-03T04:32:26.000Z,100
2024-10-31T01:16:10.000Z,50
2024-11-13T12:09:31.000Z,50
2024-10-25T22:46:49.000Z,50
2024-01-15T21:51:06.000Z,100
2024-06-12T21:51:14.000Z,50
2024-08-23T16:01:02.000Z,100
2024-08-27T12:38:27.000Z,50
2024-01-20T00:04:00.000Z,50
2024-10-12T05:48:39.000Z,35
2024-03-25T12:56:12.000Z,100
2024-10-24T03:01:52.000Z,50
2024-07-07T02:17:56.000Z,35
2024-11-14T21:00:53.000Z,1
2024-11-02T14:34:05.000Z,50
2024-10-19T02:16:27.000Z,30
2024-09-10T15:36:25.000Z,50
2024-08-27T12:41:07.000Z,30
2024-10-29T04:18:21.000Z,250
2024-06-22T15:14:46.000Z,50
2024-03-31T04:31:48.000Z,100
2024-08-27T13:09:33.000Z,50
2024-06-28T13:35:49.000Z,50
2024-11-05T21:33:24.000Z,100
2024-06-27T16:36:52.000Z,25
2024-09-10T02:10:34.000Z,25
2024-06-20T15:39:47.000Z,50
2024-11-04T19:49:51.000Z,30
2024-11-16T14:44:22.000Z,100
2024-08-11T18:52:37.000Z,50
2024-11-11T22:30:54.000Z,100
2024-11-13T15:51:38.000Z,50
2024-03-06T00:04:21.000Z,100
2024-10-24T02:47:54.000Z,35
2024-01-19T03:13:35.000Z,50
2024-06-30T15:39:21.000Z,50
2024-10-24T02:42:41.000Z,35
2024-10-12T13:16:48.000Z,50
2024-11-05T01:56:53.000Z,35
2024-10-26T16:51:54.000Z,100
2024-11-02T14:37:14.000Z,35
2024-04-23T04:05:46.000Z,100
2024-03-24T17:52:05.000Z,25
2024-08-27T14:19:28.000Z,35
2024-10-22T22:15:50.000Z,50
2024-06-12T01:50:51.000Z,50
2024-11-06T15:48:45.000Z,50
2024-07-07T02:45:52.000Z,100
2024-07-07T02:12:23.000Z,50
2024-10-12T13:15:09.000Z,50
2024-10-24T03:35:32.000Z,50
2024-07-15T14:41:01.000Z,50
2024-06-16T19:52:49.000Z,30
2024-04-09T06:22:43.000Z,50
2024-06-11T18:16:58.000Z,50
2024-07-16T05:33:17.000Z,50
2024-09-10T02:11:58.000Z,25
2024-06-27T18:58:00.000Z,50
2024-06-14T16:46:40.000Z,35
2024-07-09T20:36:51.000Z,50
2024-11-20T13:26:42.000Z,30
2024-03-31T04:36:23.000Z,100
2024-06-08T17:13:46.000Z,25
2024-04-12T16:46:08.000Z,50
2024-03-26T10:51:52.000Z,50
2024-11-14T20:58:54.000Z,15
2024-10-31T01:11:10.000Z,30
2024-06-16T20:10:53.000Z,35
2024-07-09T20:30:50.000Z,100
2024-07-17T18:53:35.000Z,100
2024-07-21T15:48:48.000Z,50
2024-04-10T03:18:56.000Z,50
2024-11-05T01:42:36.000Z,25
2024-06-22T16:07:18.000Z,35
2024-03-05T23:35:07.000Z,100
2024-04-24T08:13:39.000Z,100
2024-08-27T13:26:45.000Z,50
2024-10-26T10:01:28.000Z,100
2024-06-16T19:41:17.000Z,100
2024-01-20T04:50:20.000Z,100
2024-11-05T21:50:34.000Z,100
2024-06-22T15:08:06.000Z,20
2024-09-10T02:27:44.000Z,100
2024-11-20T13:08:06.000Z,30
2024-06-07T23:07:32.000Z,100
2024-04-10T03:18:00.000Z,100
2024-04-12T13:20:51.000Z,100
2024-03-26T04:07:48.000Z,1
2024-11-13T11:58:41.000Z,50
2024-03-31T04:30:02.000Z,100
2024-07-07T15:21:23.000Z,25
2024-10-31T15:25:08.000Z,100
2024-05-03T04:43:27.000Z,100
2024-11-02T15:45:36.000Z,50
2024-11-13T18:00:14.000Z,50
2024-04-10T02:28:49.000Z,50
2024-11-13T17:56:49.000Z,50
2024-06-22T17:13:51.000Z,30
2024-11-02T16:05:33.000Z,35
2024-04-07T18:40:49.000Z,100
2024-11-04T17:21:50.000Z,50
2024-07-18T17:23:57.000Z,100
2024-06-23T15:45:47.000Z,50
2024-11-18T23:56:51.000Z,50
2024-06-23T16:00:27.000Z,18
2024-03-06T03:31:18.000Z,100
2024-10-31T01:54:39.000Z,50
2024-10-19T02:06:45.000Z,35
2024-06-10T17:22:45.000Z,94
2024-11-18T23:55:55.000Z,100
2024-07-09T21:11:11.000Z,35
2024-06-08T01:14:57.000Z,50
2024-06-27T17:49:55.000Z,25
2024-10-24T03:22:28.000Z,100
2024-07-06T16:37:33.000Z,50
2024-11-05T01:32:16.000Z,25
2024-03-06T03:27:50.000Z,50
2024-07-07T02:15:49.000Z,35
2024-01-15T19:57:42.000Z,100
2024-08-14T18:46:40.000Z,50
2024-07-15T14:52:41.000Z,35
2024-11-06T16:08:32.000Z,100
2024-07-09T20:36:42.000Z,50
2024-03-26T04:42:07.000Z,30
2024-06-23T16:10:54.000Z,25
2024-06-14T16:44:43.000Z,50
2024-11-21T22:20:11.000Z,50
2024-10-28T22:29:57.000Z,50
2024-01-15T21:42:11.000Z,100
2024-10-24T03:03:05.000Z,50
2024-11-02T16:10:28.000Z,50
2024-11-03T18:16:41.000Z,50
2024-11-03T18:27:11.000Z,50
2024-10-06T02:49:50.000Z,100
2024-08-27T14:22:07.000Z,35
2024-10-24T02:31:44.000Z,50
2024-10-31T02:16:23.000Z,100
2024-03-05T23:03:04.000Z,100
2024-10-23T23:23:26.000Z,50
2024-08-27T14:11:35.000Z,30
2024-06-22T18:02:55.000Z,25
2024-10-12T05:41:33.000Z,50
2024-11-21T22:26:01.000Z,50
2024-10-31T15:38:20.000Z,100
2024-11-02T16:15:02.000Z,50
2024-06-08T18:03:57.000Z,50
2024-01-21T18:23:00.000Z,100
2024-01-01T17:54:33.000Z,50
2024-11-03T18:10:34.000Z,50
2024-06-14T02:16:24.000Z,1500
2024-10-24T02:40:08.000Z,50
2024-11-04T19:47:59.000Z,35
2024-10-25T15:45:37.000Z,50
2024-07-15T15:07:29.000Z,35
2024-06-23T16:25:02.000Z,25
2024-09-10T02:08:10.000Z,50
2024-06-17T15:38:19.000Z,50
2024-06-28T13:28:22.000Z,50
2024-09-10T02:25:52.000Z,50
2024-10-23T01:25:41.000Z,50
2024-10-29T03:59:08.000Z,250
2024-04-10T02:34:31.000Z,100
2024-01-15T21:36:33.000Z,100
2024-10-19T02:13:42.000Z,35
2024-08-11T19:08:33.000Z,100
2024-11-03T16:38:43.000Z,100
2024-03-31T04:25:45.000Z,50
2024-11-14T21:01:08.000Z,50
2024-06-08T01:20:48.000Z,100
2024-03-31T04:31:07.000Z,100
2024-03-31T04:35:13.000Z,50
2024-10-06T02:03:37.000Z,25
2024-11-13T13:05:15.000Z,25
2024-06-14T16:48:37.000Z,35
2024-04-09T06:22:23.000Z,50
2024-10-24T03:05:10.000Z,50
2024-10-31T01:10:20.000Z,35
2024-06-10T16:23:53.000Z,92
2024-03-26T04:13:20.000Z,21
2024-11-04T17:29:53.000Z,50
2024-09-10T16:14:23.000Z,100
2024-11-21T22:16:10.000Z,100
2024-11-13T18:26:45.000Z,50
2024-11-15T13:52:27.000Z,100
2024-11-13T12:06:55.000Z,50
2024-06-23T16:08:14.000Z,25
2024-11-20T12:51:47.000Z,50
2024-06-22T15:48:53.000Z,25
2024-07-28T10:51:08.000Z,100
2024-06-08T21:36:37.000Z,35
2024-11-08T12:37:18.000Z,100
2024-06-08T17:50:39.000Z,35
2024-11-03T18:20:36.000Z,100
2024-10-19T02:36:13.000Z,25
2024-11-17T15:58:28.000Z,50
2024-11-16T14:21:42.000Z,100
2024-11-18T23:50:30.000Z,50
2024-03-24T18:33:09.000Z,70
2024-11-15T13:37:36.000Z,50
2024-04-23T04:43:22.000Z,30
2024-07-27T17:05:47.000Z,100
2024-04-24T08:00:32.000Z,100
2024-10-19T01:47:37.000Z,25
2024-11-15T13:46:10.000Z,50
2024-11-06T15:47:42.000Z,100
2024-07-07T16:44:56.000Z,50
2024-10-06T01:37:55.000Z,50
2024-10-06T02:14:15.000Z,25
2024-10-12T05:33:14.000Z,100
2024-06-22T16:59:14.000Z,30
2024-04-06T14:38:40.000Z,50
2024-10-26T16:23:33.000Z,100
2024-10-24T03:28:58.000Z,100
2024-10-23T23:29:21.000Z,50
2024-04-07T20:16:45.000Z,100
2024-11-15T13:37:52.000Z,50
2024-07-16T05:31:46.000Z,50
2024-01-15T19:56:12.000Z,100
2024-06-08T01:26:27.000Z,100
2024-08-23T15:38:48.000Z,50
2024-10-12T05:37:05.000Z,50
2024-03-06T02:45:09.000Z,100
2024-07-09T21:20:06.000Z,35
2024-06-28T14:08:49.000Z,100
2024-06-20T15:56:10.000Z,50
2024-01-21T18:25:42.000Z,100
2024-05-03T04:40:07.000Z,100
2024-11-05T02:34:11.000Z,100
2024-01-01T23:42:56.000Z,100
2024-04-24T08:10:41.000Z,100
2024-11-21T22:21:19.000Z,50
2024-10-12T13:18:54.000Z,50
2024-04-09T06:36:49.000Z,100
2024-01-19T04:05:14.000Z,50
2024-01-24T01:41:44.000Z,100
2024-08-27T14:02:04.000Z,35
2024-06-10T18:17:44.000Z,100
2024-10-14T17:42:01.000Z,35
2024-03-05T23:14:11.000Z,100
2024-06-07T23:18:49.000Z,50
2024-11-19T21:29:40.000Z,50
2024-11-05T01:04:25.000Z,35
2024-04-06T16:58:55.000Z,100
2024-06-09T14:16:00.000Z,100
2024-08-27T12:59:40.000Z,50
2024-07-15T14:52:20.000Z,35
2024-11-02T14:46:06.000Z,50
2024-11-04T18:20:19.000Z,15
2024-08-11T18:50:53.000Z,100
2024-07-18T16:49:24.000Z,50
2024-11-21T22:17:27.000Z,50
2024-01-01T15:24:40.000Z,50
2024-07-15T14:58:15.000Z,30
2024-11-20T16:56:11.000Z,100
2024-11-19T21:36:42.000Z,35
2024-06-20T22:27:36.000Z,30
2024-11-13T13:07:45.000Z,30
2024-03-31T04:25:24.000Z,50
2024-11-14T20:15:52.000Z,100
2024-07-21T15:39:37.000Z,100
2024-09-10T15:54:01.000Z,50
2024-10-24T03:20:26.000Z,50
2024-01-21T18:24:22.000Z,50
2024-04-10T03:03:41.000Z,50
2024-10-24T02:44:03.000Z,30
2024-03-26T11:06:46.000Z,1
2024-11-21T22:08:13.000Z,50
2024-11-02T14:36:16.000Z,35
2024-10-11T20:51:33.000Z,100
2024-10-19T18:31:33.000Z,25
2024-04-09T06:28:57.000Z,50
2024-11-08T12:51:43.000Z,50
2024-11-02T14:37:56.000Z,30
2024-04-06T16:13:59.000Z,70
2024-11-08T12:39:12.000Z,100
2024-07-15T15:07:46.000Z,30
2024-06-09T18:26:47.000Z,50
2024-10-19T02:47:37.000Z,100
2024-06-23T16:10:10.000Z,25
2024-09-10T16:06:47.000Z,100
2024-06-27T16:39:14.000Z,25
2024-04-26T01:22:33.000Z,50
2024-07-21T17:45:46.000Z,50
2024-10-19T02:24:22.000Z,50
2024-03-26T11:18:23.000Z,50
2024-07-07T17:47:12.000Z,35
2024-01-15T22:16:22.000Z,100
2024-03-25T13:17:24.000Z,25
2024-01-18T01:33:50.000Z,100
2024-03-05T22:56:28.000Z,50
2024-03-24T17:37:44.000Z,25
2024-11-15T13:42:35.000Z,100
2024-01-21T18:32:58.000Z,50
2024-11-08T12:39:42.000Z,100
2024-08-11T19:04:08.000Z,50
2024-04-10T02:23:55.000Z,100
2024-03-25T13:06:52.000Z,50
2024-11-03T18:17:36.000Z,50
2024-06-20T15:32:11.000Z,100
2024-06-07T23:10:35.000Z,100
2024-01-01T18:34:36.000Z,92
2024-10-28T17:06:05.000Z,30
2024-06-07T23:17:41.000Z,100
2024-03-26T10:43:58.000Z,1
2024-10-31T01:24:08.000Z,100
2024-07-16T17:45:15.000Z,50
2024-11-02T15:43:47.000Z,50
2024-10-24T03:15:39.000Z,50
2024-10-12T05:39:05.000Z,100
2024-07-21T17:42:47.000Z,50
2024-07-18T16:41:34.000Z,100
2024-04-09T06:33:15.000Z,100
2024-11-20T16:52:05.000Z,50
2024-06-19T02:43:37.000Z,50
2024-07-07T02:28:14.000Z,50
2024-10-28T16:32:12.000Z,100
2024-06-08T18:00:29.000Z,50
2024-10-31T15:38:38.000Z,50
2024-03-26T05:09:51.000Z,30
2024-11-16T14:48:39.000Z,50
2024-03-26T11:21:05.000Z,50
2024-06-07T23:08:59.000Z,50
2024-10-11T20:42:53.000Z,50
2024-07-17T19:13:10.000Z,100
2024-03-26T05:23:06.000Z,25
2024-06-12T21:40:19.000Z,50
2024-11-02T16:09:15.000Z,100
2024-10-23T02:58:32.000Z,25
2024-10-11T20:44:17.000Z,50
2024-11-05T04:05:40.000Z,50
2024-05-03T04:46:05.000Z,100
2024-08-23T15:55:48.000Z,100
2024-03-06T03:26:35.000Z,100
2024-11-06T16:17:08.000Z,50
2024-03-24T17:50:32.000Z,25
2024-04-23T21:12:46.000Z,50
2024-06-22T15:31:34.000Z,30
2024-10-31T15:00:08.000Z,50
2024-09-10T02:14:23.000Z,35
2024-03-24T17:35:55.000Z,25
2024-09-10T02:58:22.000Z,25
2024-06-27T17:43:58.000Z,100
2024-10-23T02:56:59.000Z,25
2024-08-14T18:23:51.000Z,50
2024-07-18T17:26:45.000Z,50
2024-06-28T13:34:17.000Z,50
2024-03-06T00:15:33.000Z,100
2024-01-15T20:20:15.000Z,100
2024-06-21T16:24:47.000Z,50
2024-04-23T04:33:49.000Z,100
2024-07-01T17:58:01.000Z,100
2024-11-02T16:17:08.000Z,50
2024-04-24T08:09:35.000Z,50
2024-10-19T02:29:40.000Z,25
2024-07-18T15:35:58.000Z,100
2024-04-23T04:31:24.000Z,50
2024-07-15T14:44:27.000Z,100
2024-11-03T18:20:53.000Z,50
2024-06-16T19:47:38.000Z,35
2024-10-30T19:45:59.000Z,35
2024-10-31T02:32:11.000Z,50
2024-06-08T17:19:32.000Z,50
2024-01-01T23:13:55.000Z,70
2024-04-12T13:32:03.000Z,100
2024-09-10T02:50:54.000Z,25
2024-11-16T14:25:03.000Z,50
2024-08-27T14:14:51.000Z,35
2024-10-26T16:24:10.000Z,50
2024-10-31T02:10:32.000Z,50
2024-10-12T13:38:30.000Z,100
2024-11-20T13:22:06.000Z,100
2024-11-06T16:00:54.000Z,100
2024-11-13T18:20:35.000Z,50
2024-11-21T22:20:05.000Z,50
2024-07-09T20:50:57.000Z,30
2024-06-20T15:44:13.000Z,40
2024-03-05T22:45:19.000Z,50
2024-03-25T14:12:13.000Z,18
2024-06-08T21:32:46.000Z,35
2024-10-12T05:47:17.000Z,35
2024-07-07T02:23:54.000Z,50
2024-08-23T15:53:04.000Z,100
2024-03-26T03:13:43.000Z,25
2024-10-12T13:25:53.000Z,50
2024-11-16T14:48:26.000Z,50
2024-04-07T19:10:09.000Z,100
2024-03-24T17:58:19.000Z,35
2024-06-21T16:07:08.000Z,100
2024-01-15T19:24:01.000Z,100
2024-08-11T18:56:52.000Z,50
2024-11-05T01:43:07.000Z,50
2024-08-27T13:24:11.000Z,50
2024-08-27T12:44:18.000Z,100
2024-06-17T17:06:10.000Z,50
2024-06-28T13:05:42.000Z,25
2024-06-09T15:01:00.000Z,100
2024-10-19T02:49:29.000Z,25
2024-06-07T23:14:24.000Z,100
2024-06-08T17:41:44.000Z,35
2024-06-13T21:10:16.000Z,1500
2024-04-12T13:49:51.000Z,100
2024-04-24T08:01:54.000Z,100
2024-10-12T13:17:18.000Z,100
2024-10-06T01:45:07.000Z,25
2024-10-24T03:39:45.000Z,100
2024-01-24T01:40:26.000Z,100
2024-10-28T17:24:42.000Z,50
2024-07-09T20:25:35.000Z,50
2024-11-19T13:35:21.000Z,50
2024-03-06T00:02:09.000Z,50
2024-11-05T21:22:25.000Z,100
2024-10-19T02:38:20.000Z,25
2024-06-20T22:34:19.000Z,100
2024-07-18T17:22:37.000Z,100
2024-11-14T20:14:35.000Z,50
2024-08-11T18:49:32.000Z,50
2024-11-14T21:02:19.000Z,50
2024-10-25T17:05:30.000Z,100
2024-11-19T21:24:34.000Z,50
2024-10-23T01:17:48.000Z,35
2024-08-14T18:45:03.000Z,70
2024-10-23T23:25:44.000Z,25
2024-03-06T00:09:54.000Z,100
2024-07-07T15:52:55.000Z,50
2024-06-08T21:30:21.000Z,100
2024-11-13T18:28:08.000Z,100
2024-07-09T21:21:21.000Z,30
2024-07-16T05:40:24.000Z,35
2024-09-10T16:31:24.000Z,30
2024-07-01T17:46:03.000Z,50
2024-08-11T19:02:08.000Z,100
2024-11-02T14:38:05.000Z,50
2024-06-23T15:14:40.000Z,50
2024-10-23T02:59:14.000Z,25
2024-06-09T18:57:47.000Z,70
2024-06-22T15:59:16.000Z,100
2024-06-12T02:31:34.000Z,35
2024-07-28T10:42:49.000Z,100
2024-06-11T19:53:42.000Z,100
2024-11-15T13:50:48.000Z,100
2024-03-26T05:33:01.000Z,50
2024-06-08T17:13:21.000Z,25
2024-09-10T02:28:17.000Z,35
2024-10-06T02:11:48.000Z,25
2024-07-28T10:41:52.000Z,50
2024-09-10T15:44:24.000Z,50
2024-04-06T17:18:48.000Z,100
2024-11-16T16:36:52.000Z,100
2024-01-15T20:35:19.000Z,100
2024-11-08T12:36:29.000Z,50
2024-10-12T13:28:34.000Z,35
2024-03-24T17:34:46.000Z,30
2024-10-19T02:35:04.000Z,25
2024-10-23T02:38:03.000Z,50
2024-01-15T21:42:20.000Z,100
2024-11-13T16:42:36.000Z,50
2024-06-22T14:57:13.000Z,50
2024-10-19T02:44:33.000Z,100
2024-06-12T02:15:23.000Z,100
2024-04-07T18:31:12.000Z,100
2024-08-27T13:44:21.000Z,100
2024-07-15T14:41:25.000Z,50
2024-01-15T20:01:32.000Z,100
2024-04-23T04:02:47.000Z,100
2024-10-26T16:54:24.000Z,100
2024-03-26T04:41:15.000Z,35
2024-11-21T22:20:50.000Z,50
2024-11-09T04:36:35.000Z,50
2024-08-27T12:58:56.000Z,50
2024-06-11T19:09:26.000Z,100
2024-07-01T16:14:43.000Z,100
2024-04-23T03:58:27.000Z,100
2024-06-20T15:41:32.000Z,30
2024-01-21T18:29:58.000Z,100
2024-10-28T18:06:39.000Z,100
2024-01-21T18:19:03.000Z,50
2024-10-24T03:18:26.000Z,100
2024-01-19T02:40:06.000Z,50
2024-01-01T16:37:09.000Z,100
2024-06-28T13:15:19.000Z,8
2024-07-15T14:47:02.000Z,30
2024-11-13T12:01:50.000Z,50
2024-11-21T22:21:11.000Z,100
2024-06-08T01:31:09.000Z,100
2024-06-27T17:52:01.000Z,25
2024-07-27T17:05:25.000Z,50
2024-11-19T13:20:16.000Z,100
2024-04-12T21:05:03.000Z,100
2024-03-06T03:42:57.000Z,50
2024-01-19T03:27:43.000Z,92
2024-11-20T13:03:41.000Z,100
2024-10-31T01:55:11.000Z,50
2024-06-12T22:09:47.000Z,100
2024-06-08T21:12:16.000Z,50
2024-06-07T23:01:35.000Z,100
2024-06-07T23:03:44.000Z,100
2024-11-05T01:38:16.000Z,25
2024-10-11T20:43:16.000Z,50
2024-10-23T23:27:35.000Z,25
2024-10-31T15:00:27.000Z,50
2024-07-07T02:46:52.000Z,50
2024-07-01T17:54:16.000Z,100
2024-08-11T19:00:35.000Z,50
2024-10-28T16:59:24.000Z,100
2024-03-06T02:50:54.000Z,100
2024-06-27T19:27:50.000Z,35
2024-07-15T14:49:53.000Z,50
2024-11-04T17:35:06.000Z,35
2024-03-05T22:50:17.000Z,100
2024-06-08T01:28:18.000Z,100
2024-04-12T13:18:48.000Z,100
2024-11-04T17:49:53.000Z,50
2024-11-18T23:53:50.000Z,50
2024-06-23T17:21:30.000Z,100
2024-06-19T02:45:05.000Z,100
2024-11-05T03:32:32.000Z,100
2024-08-11T19:03:39.000Z,100
2024-11-13T12:01:14.000Z,100
2024-07-28T10:39:26.000Z,100
2024-11-13T18:01:52.000Z,100
2024-04-24T08:19:55.000Z,100
2024-06-08T01:26:47.000Z,50
2024-07-18T17:18:34.000Z,50
2024-11-11T22:38:16.000Z,100
2024-09-10T03:00:41.000Z,25
2024-03-24T18:07:40.000Z,50
2024-11-06T16:11:23.000Z,50
2024-06-08T17:12:49.000Z,50
2024-07-07T17:48:40.000Z,30
2024-06-22T15:06:25.000Z,20
2024-06-08T17:55:18.000Z,30
2024-07-15T15:02:02.000Z,30
2024-07-18T17:09:32.000Z,100
2024-01-15T21:36:05.000Z,100
2024-01-24T01:26:25.000Z,50
2024-06-21T03:02:00.000Z,50
2024-11-17T15:58:16.000Z,50
2024-11-16T05:37:54.000Z,50
2024-09-10T16:11:18.000Z,50
2024-06-16T20:31:35.000Z,30
2024-05-03T04:36:09.000Z,50
2024-10-24T03:01:43.000Z,100
2024-07-17T19:14:08.000Z,50
2024-06-17T16:11:27.000Z,25
2024-11-21T22:26:11.000Z,50
2024-06-14T16:49:01.000Z,30
2024-10-11T20:42:42.000Z,50
2024-07-21T16:11:08.000Z,100
2024-10-31T01:25:31.000Z,35
2024-06-27T18:58:45.000Z,100
2024-07-18T17:18:19.000Z,100
2024-03-06T00:18:56.000Z,100
2024-07-16T17:45:08.000Z,100
2024-06-27T16:58:21.000Z,25
2024-07-07T02:25:39.000Z,50
2024-11-13T15:48:22.000Z,50
2024-10-12T05:29:52.000Z,50
2024-10-29T03:55:28.000Z,250
2024-11-13T12:14:32.000Z,50
2024-01-19T03:47:20.000Z,100
2024-09-10T02:11:03.000Z,25
2024-10-12T05:51:35.000Z,30
2024-03-26T10:47:00.000Z,1
2024-06-17T16:18:00.000Z,100
2024-03-24T17:55:07.000Z,25
2024-09-10T02:16:09.000Z,35
2024-01-15T20:14:32.000Z,100
2024-11-02T16:03:45.000Z,30
2024-10-23T01:37:25.000Z,50
2024-09-10T02:33:47.000Z,35
2024-09-10T02:21:16.000Z,30
2024-10-23T02:53:41.000Z,100
2024-10-12T05:29:45.000Z,30
2024-07-17T19:30:02.000Z,100
2024-11-14T21:02:33.000Z,50
2024-11-14T20:14:15.000Z,100
2024-04-06T14:50:39.000Z,50
2024-07-07T02:09:12.000Z,50
2024-01-20T00:29:53.000Z,100
2024-06-08T01:14:25.000Z,100
2024-10-24T02:34:45.000Z,100
2024-06-07T23:09:24.000Z,50
2024-10-11T20:41:19.000Z,50
2024-10-19T18:37:16.000Z,100
2024-06-21T15:27:00.000Z,50
2024-06-12T22:01:13.000Z,25
2024-06-08T01:17:11.000Z,100
2024-07-15T14:46:45.000Z,35
2024-11-02T16:12:35.000Z,50
2024-11-16T16:38:08.000Z,50
2024-06-16T19:44:33.000Z,100
2024-06-17T17:09:56.000Z,25
2024-10-19T02:31:00.000Z,25
2024-11-19T13:21:25.000Z,50
2024-06-17T17:12:56.000Z,25
2024-06-12T22:06:46.000Z,25
2024-11-19T13:40:17.000Z,50
2024-03-06T03:34:19.000Z,50
2024-11-05T03:06:27.000Z,100
2024-11-02T15:44:48.000Z,50
2024-04-24T07:58:44.000Z,100
2024-07-09T20:22:03.000Z,50
2024-03-05T23:18:55.000Z,50
2024-07-17T19:30:34.000Z,50
2024-04-06T16:29:03.000Z,100
2024-06-20T16:05:46.000Z,50
2024-06-07T23:12:12.000Z,100
2024-11-13T13:12:01.000Z,50
2024-08-27T13:01:02.000Z,50
2024-08-27T14:16:49.000Z,30
2024-06-22T15:53:07.000Z,25
2024-06-08T17:14:12.000Z,25
2024-11-21T22:20:47.000Z,50
2024-06-23T17:08:17.000Z,25
2024-06-12T01:45:35.000Z,100
2024-10-06T01:55:22.000Z,100
2024-06-20T22:19:53.000Z,35
2024-10-12T13:18:51.000Z,30
2024-07-25T17:39:28.000Z,100
2024-07-16T05:25:21.000Z,50
2024-11-08T16:47:41.000Z,100
2024-06-20T21:52:10.000Z,50
2024-06-08T18:04:36.000Z,50
2024-09-10T02:03:30.000Z,100
2024-07-07T02:37:12.000Z,100
2024-06-28T14:06:36.000Z,100
2024-06-16T19:44:49.000Z,50
2024-07-07T02:19:32.000Z,30
2024-10-23T03:39:23.000Z,100
2024-10-19T02:39:53.000Z,25
2024-06-21T16:43:41.000Z,100
2024-09-10T02:08:43.000Z,25
2024-07-21T15:33:24.000Z,50
2024-08-27T12:40:39.000Z,35
2024-10-23T03:02:07.000Z,25
2024-04-06T14:54:05.000Z,100
2024-07-17T18:40:08.000Z,100
2024-01-21T20:43:33.000Z,50
2024-04-07T18:38:16.000Z,50
2024-06-30T16:06:06.000Z,100
2024-07-07T15:43:16.000Z,100
2024-09-10T02:37:53.000Z,30
2024-06-12T01:29:53.000Z,50
2024-10-19T02:03:05.000Z,50
2024-01-15T21:58:46.000Z,70
2024-06-12T01:29:22.000Z,100
2024-11-21T22:25:30.000Z,50
2024-06-08T17:28:14.000Z,35
2024-07-18T16:46:37.000Z,100
2024-06-16T20:36:13.000Z,35
2024-03-26T11:06:08.000Z,50
2024-07-07T17:28:43.000Z,100
2024-11-15T14:04:51.000Z,100
2024-07-18T17:14:18.000Z,100
2024-11-05T03:03:48.000Z,50
2024-07-15T15:09:06.000Z,25
2024-07-16T17:23:53.000Z,50
2024-07-09T20:34:33.000Z,50
2024-06-17T15:43:32.000Z,25
2024-11-14T20:03:22.000Z,35
2024-11-17T15:35:17.000Z,100
2024-03-26T04:08:22.000Z,35
2024-11-04T17:31:51.000Z,35
2024-11-20T13:38:17.000Z,100
2024-10-28T18:31:05.000Z,100
2024-06-23T16:32:40.000Z,25
2024-07-07T15:24:36.000Z,25
2024-01-20T00:01:45.000Z,50
2024-11-19T13:36:26.000Z,100
2024-08-27T13:50:16.000Z,50
2024-10-31T01:28:17.000Z,30
2024-10-23T01:47:13.000Z,50
2024-08-14T18:21:06.000Z,100
2024-11-02T14:45:35.000Z,50
2024-01-15T20:11:47.000Z,100
2024-10-31T01:19:58.000Z,50
2024-07-18T17:26:25.000Z,100
2024-07-16T17:09:47.000Z,70
2024-11-20T12:56:37.000Z,35
2024-06-21T03:33:10.000Z,100
2024-07-16T17:21:45.000Z,100
2024-11-05T01:59:07.000Z,30
2024-01-15T20:15:40.000Z,100
2024-03-05T22:59:37.000Z,100
2024-10-19T02:58:07.000Z,18
2024-01-19T02:40:38.000Z,50
2024-07-07T17:36:06.000Z,30
2024-06-16T19:26:54.000Z,35
2024-10-12T13:18:10.000Z,35
2024-03-24T17:49:22.000Z,50
2024-07-16T17:50:57.000Z,100
2024-11-13T13:07:00.000Z,35
2024-09-10T15:45:24.000Z,50
2024-01-21T20:37:34.000Z,100
2024-11-05T01:30:36.000Z,50
2024-11-16T05:39:27.000Z,100
2024-03-26T05:19:30.000Z,18
2024-08-11T19:06:09.000Z,100
2024-11-19T21:29:09.000Z,50
2024-07-07T17:35:21.000Z,35
2024-01-21T18:34:04.000Z,100
2024-11-14T20:04:25.000Z,30
2024-01-19T03:40:59.000Z,50
2024-11-21T22:21:28.000Z,50
2024-10-24T02:40:43.000Z,50
2024-10-23T23:28:21.000Z,25
2024-03-26T11:13:54.000Z,1
2024-07-28T10:48:29.000Z,50
2024-11-04T18:31:39.000Z,50
2024-11-17T15:57:52.000Z,50
2024-10-28T16:30:21.000Z,50
2024-06-12T21:59:11.000Z,50
2024-10-28T16:44:33.000Z,100
2024-06-12T21:48:00.000Z,100
2024-10-23T02:12:39.000Z,50
2024-06-16T19:57:46.000Z,100
2024-06-07T23:01:56.000Z,50
2024-06-27T17:41:11.000Z,50
2024-07-01T16:31:38.000Z,100
2024-11-19T13:21:12.000Z,100
2024-10-19T01:48:30.000Z,25
2024-06-23T16:58:19.000Z,50
2024-10-31T01:23:25.000Z,50
2024-07-06T21:23:45.000Z,100
2024-06-23T17:01:56.000Z,50
2024-10-19T02:30:26.000Z,25
2024-11-19T13:35:39.000Z,50
2024-11-14T19:59:05.000Z,35
2024-10-23T23:24:40.000Z,50
2024-03-05T23:54:43.000Z,100
2024-07-07T17:37:17.000Z,35
2024-06-10T18:06:23.000Z,50
2024-06-28T13:22:18.000Z,35
2024-06-21T02:58:11.000Z,50
2024-10-19T02:31:40.000Z,50
2024-11-18T23:54:13.000Z,50
2024-11-05T04:01:21.000Z,100
2024-01-19T04:03:38.000Z,100
2024-07-09T21:16:59.000Z,30
2024-04-12T13:56:49.000Z,100
2024-11-15T13:53:02.000Z,50
2024-01-24T01:30:35.000Z,100
2024-03-26T03:59:08.000Z,50
2024-09-10T16:05:56.000Z,50
2024-03-06T02:38:03.000Z,50
2024-07-17T19:05:48.000Z,50
2024-11-20T16:57:25.000Z,50
2024-04-12T16:45:12.000Z,50
2024-06-27T16:57:07.000Z,25
2024-06-22T14:37:51.000Z,50
2024-11-14T20:14:24.000Z,50
2024-11-05T03:54:28.000Z,100
2024-06-12T22:06:33.000Z,25
2024-04-24T09:06:42.000Z,100
2024-04-23T04:37:49.000Z,100
2024-10-14T17:44:03.000Z,30
2024-11-14T21:02:00.000Z,100
2024-06-20T15:16:44.000Z,35
2024-10-23T03:37:19.000Z,100
2024-06-28T13:23:06.000Z,35
2024-10-19T01:04:52.000Z,35
2024-10-31T15:02:36.000Z,50
2024-10-23T03:02:49.000Z,50
2024-11-05T21:14:18.000Z,50
2024-07-17T19:03:35.000Z,100
2024-07-07T02:03:42.000Z,50
2024-03-26T02:40:29.000Z,50
2024-04-24T09:02:20.000Z,100
2024-11-19T13:40:38.000Z,50
2024-11-01T18:28:32.000Z,1500
2024-01-15T20:33:08.000Z,100
2024-11-08T12:50:14.000Z,50
2024-11-05T21:28:10.000Z,50
2024-11-13T12:04:01.000Z,50
2024-08-11T18:53:41.000Z,100
2024-06-22T16:58:20.000Z,35
2024-06-10T17:37:19.000Z,50
2024-11-13T12:58:57.000Z,50
2024-10-19T02:21:01.000Z,100
2024-03-25T12:50:43.000Z,50
2024-11-21T22:08:59.000Z,100
2024-06-22T15:07:20.000Z,30
2024-06-30T15:31:02.000Z,100
2024-11-18T18:28:55.000Z,50
2024-06-30T15:45:11.000Z,100
2024-06-30T16:32:04.000Z,100
2024-07-16T17:17:22.000Z,100
2024-11-05T21:19:34.000Z,100
2024-03-31T04:29:03.000Z,50
2024-03-24T17:41:50.000Z,100
2024-10-06T01:58:53.000Z,100
2024-10-23T02:50:13.000Z,100
2024-06-21T15:07:48.000Z,50
2024-06-21T16:49:44.000Z,50
2024-05-03T04:37:33.000Z,100
2024-04-06T16:35:58.000Z,100
2024-10-24T02:45:07.000Z,100
2024-07-22T18:54:24.000Z,100
2024-11-17T15:36:16.000Z,50
2024-06-08T21:38:41.000Z,30
2024-11-13T12:16:11.000Z,50
2024-07-07T15:28:25.000Z,50
2024-10-26T16:19:23.000Z,100
2024-08-23T16:47:56.000Z,50
2024-06-17T16:29:00.000Z,30
2024-11-02T16:09:51.000Z,50
2024-10-23T03:02:15.000Z,50
2024-06-20T15:54:57.000Z,50
2024-06-21T15:56:24.000Z,50
2024-06-22T17:49:35.000Z,50
2024-07-15T15:06:45.000Z,35
2024-11-16T05:40:51.000Z,50
2024-06-27T17:36:26.000Z,100
2024-10-19T02:28:26.000Z,100
2024-11-03T18:00:45.000Z,100
2024-11-04T17:52:50.000Z,50
2024-01-01T17:48:58.000Z,50
2024-06-28T13:20:22.000Z,50
2024-11-02T14:33:26.000Z,50
2024-06-10T17:34:35.000Z,50
2024-07-21T15:31:51.000Z,50
2024-11-16T14:25:37.000Z,50
2024-10-22T22:02:09.000Z,50
2024-11-15T13:43:25.000Z,50
2024-07-15T15:10:53.000Z,25
2024-06-17T16:29:56.000Z,50
2024-04-12T13:36:18.000Z,100
2024-09-10T00:36:03.000Z,50
2024-01-01T18:13:06.000Z,82
2024-10-23T03:33:19.000Z,30
2024-06-08T21:11:06.000Z,100
2024-10-11T20:51:41.000Z,50
2024-06-12T21:52:51.000Z,50
2024-11-04T22:16:22.000Z,35
2024-06-16T20:34:57.000Z,50
2024-10-12T13:25:40.000Z,50
2024-06-23T16:44:54.000Z,35
2024-11-21T22:17:22.000Z,50
2024-07-21T17:42:36.000Z,50
2024-10-25T16:01:16.000Z,100
2024-06-17T17:11:49.000Z,25
2024-10-31T15:08:39.000Z,50
2024-10-23T01:30:16.000Z,50
2024-06-23T16:43:17.000Z,25
2024-06-09T18:03:17.000Z,100
2024-11-19T21:30:29.000Z,100
2024-07-18T17:14:50.000Z,50
2024-08-11T18:58:06.000Z,50
2024-06-22T17:11:00.000Z,35
2024-10-12T05:32:20.000Z,50
2024-07-09T21:20:40.000Z,35
2024-01-18T01:45:35.000Z,100
2024-06-17T16:14:56.000Z,100
2024-10-19T18:16:06.000Z,50
2024-11-15T13:52:36.000Z,50
2024-10-23T01:42:21.000Z,50
2024-11-05T01:51:51.000Z,35
2024-11-16T05:38:26.000Z,50
2024-11-20T16:54:56.000Z,50
2024-03-24T17:32:37.000Z,35
2024-06-10T16:07:31.000Z,82
2024-08-27T13:19:12.000Z,100
2024-10-19T02:46:56.000Z,50
2024-11-02T14:43:53.000Z,100
2024-04-10T03:08:03.000Z,100
2024-08-27T12:41:45.000Z,100
2024-03-24T17:36:17.000Z,25
2024-10-28T18:38:13.000Z,50
2024-11-05T03:52:41.000Z,100
2024-10-26T16:20:34.000Z,100
2024-11-21T22:25:50.000Z,50
2024-08-11T18:57:36.000Z,100
2024-04-23T00:45:11.000Z,100
2024-10-06T02:10:25.000Z,1
2024-03-25T14:16:54.000Z,35
2024-10-23T23:24:24.000Z,50
2024-11-05T02:56:22.000Z,100
2024-11-02T14:41:09.000Z,50
2024-06-17T17:08:46.000Z,100
2024-04-24T09:03:32.000Z,100
2024-06-21T15:38:02.000Z,25
2024-07-15T14:45:49.000Z,35
2024-03-26T05:05:34.000Z,1
2024-08-27T13:14:59.000Z,50
2024-11-08T13:15:19.000Z,100
2024-11-16T14:27:51.000Z,50
2024-03-24T17:31:20.000Z,50
2024-06-23T15:48:26.000Z,100
2024-11-20T16:44:19.000Z,50
2024-07-07T15:23:51.000Z,25
2024-07-27T17:06:37.000Z,100
2024-01-15T19:48:14.000Z,100
2024-06-09T18:22:00.000Z,50
2024-07-17T19:11:36.000Z,50
2024-11-08T12:38:16.000Z,50
2024-07-16T17:40:49.000Z,100
2024-06-10T15:40:11.000Z,50
2024-10-11T20:45:40.000Z,50
2024-11-20T13:23:55.000Z,35
2024-01-01T23:45:22.000Z,100
2024-10-12T13:33:26.000Z,30
2024-07-21T15:59:48.000Z,100
2024-10-19T01:50:58.000Z,25
2024-07-07T15:46:29.000Z,50
2024-06-27T17:51:39.000Z,25
2024-10-19T02:05:30.000Z,1
2024-11-02T15:45:28.000Z,100
2024-08-11T19:04:40.000Z,50
2024-01-15T20:21:37.000Z,100
2024-03-24T18:03:05.000Z,100
2024-04-06T17:11:59.000Z,100
2024-04-09T06:24:55.000Z,100
2024-11-08T16:59:24.000Z,100
2024-07-20T19:21:01.000Z,1500
2024-10-11T20:50:35.000Z,50
