created_at,workbook_title,workbook_id
2024-10-29T18:06:55.000Z,Project: What is Your Heart Rate Telling You?,1ef6e854-62f9-4656-b1bc-605d6bd9702f
2024-07-19T16:34:41.000Z,Project: Visualizing the History of Nobel Prize Winners,75bd0984-d081-4e04-9474-c1c3b691f77b
2024-08-02T14:34:19.000Z,Competition - Denver Coffee Shop,ef953401-25d8-4d61-806c-3020e2055858
2024-06-14T00:08:25.000Z,Project: Exploring NYC Public School Test Result Scores,facb053f-19fa-47f5-92bf-6230002fab6e
2024-07-26T16:30:09.000Z,Competition - What Makes a Good Book?,d2322a75-a2fd-412c-bd04-622e083ce0de
2024-10-31T18:06:29.000Z,Project: Analyzing Students' Mental Health,7f5a23f9-4d63-47ec-9ea3-092ec713f972
2024-06-08T01:52:55.000Z,Project: Investigating Netflix Movies,799e506f-0b2c-4acc-a317-24a3dd60027f
